config,theta1,theta2,accuracy,mean_latency_ms,rate_tier1,rate_tier2,rate_tier3,n_tier1,n_tier2,n_tier3
pipeline_theta1_0.50_theta2_0.50,0.5,0.5,0.9857142857142858,0.6618978942872543,0.9685714285714285,0.03142857142857143,0.0,678,22,0
pipeline_theta1_0.60_theta2_0.50,0.6,0.5,0.9871428571428571,0.6913421514186017,0.9528571428571428,0.047142857142857146,0.0,667,33,0
pipeline_theta1_0.70_theta2_0.50,0.7,0.5,0.99,0.978719872858684,0.9285714285714286,0.07,0.0014285714285714286,650,49,1
pipeline_theta1_0.70_theta2_0.70,0.7,0.7,0.9914285714285714,1.5011756028694176,0.9285714285714286,0.06714285714285714,0.004285714285714286,650,47,3
